{
	"info": {
		"_postman_id": "fc018fa3-e7c8-4ee3-9cac-f061bb1095ad",
		"name": "FormHeadless",
		"schema": "https://schema.getpostman.com/json/collection/v2.1.0/collection.json",
		"_exporter_id": "22418023",
		"_collection_link": "https://solar-trinity-58917.postman.co/workspace/FormHeadless~06366c76-0e3c-4736-b300-8e9aa8313af9/collection/22418023-fc018fa3-e7c8-4ee3-9cac-f061bb1095ad?action=share&source=collection_link&creator=22418023"
	},
	"item": [
		{
			"name": "Get Form Infor",
			"item": [
				{
					"name": "Common",
					"item": [
						{
							"name": "1. Get form which isn't existing",
							"request": {
								"method": "GET",
								"header": [],
								"url": {
									"raw": "{{url}}{{formEndpoint}}/123?language=en",
									"host": [
										"{{url}}{{formEndpoint}}"
									],
									"path": [
										"123"
									],
									"query": [
										{
											"key": "language",
											"value": "en"
										}
									]
								}
							},
							"response": []
						},
						{
							"name": "2. Get unpublished form",
							"request": {
								"method": "GET",
								"header": [],
								"url": {
									"raw": "{{url}}{{formEndpoint}}/DE42767E75F446249C1426094A538A27?language=en",
									"host": [
										"{{url}}{{formEndpoint}}"
									],
									"path": [
										"DE42767E75F446249C1426094A538A27"
									],
									"query": [
										{
											"key": "language",
											"value": "en"
										}
									]
								}
							},
							"response": []
						},
						{
							"name": "3. Get publish form without form element",
							"request": {
								"method": "GET",
								"header": [],
								"url": {
									"raw": "{{url}}{{formEndpoint}}/8D0D8A9DC7A7481BBD0E0FCA2122A49D?language=en",
									"host": [
										"{{url}}{{formEndpoint}}"
									],
									"path": [
										"8D0D8A9DC7A7481BBD0E0FCA2122A49D"
									],
									"query": [
										{
											"key": "language",
											"value": "en"
										}
									]
								}
							},
							"response": []
						},
						{
							"name": "4.  Get form which has deleted",
							"request": {
								"method": "GET",
								"header": [],
								"url": {
									"raw": "{{url}}{{formEndpoint}}/A02A408DDE2E4906AC018A7C80D7DF6B?language=en",
									"host": [
										"{{url}}{{formEndpoint}}"
									],
									"path": [
										"A02A408DDE2E4906AC018A7C80D7DF6B"
									],
									"query": [
										{
											"key": "language",
											"value": "en"
										}
									]
								}
							},
							"response": []
						}
					]
				},
				{
					"name": "Form container",
					"item": [
						{
							"name": "1. Get form which Form title, Description are defined",
							"request": {
								"method": "GET",
								"header": [],
								"url": {
									"raw": "{{url}}{{formEndpoint}}/8362490F70284DBC845F40EEE1E7CEC9?language=en",
									"host": [
										"{{url}}{{formEndpoint}}"
									],
									"path": [
										"8362490F70284DBC845F40EEE1E7CEC9"
									],
									"query": [
										{
											"key": "language",
											"value": "en"
										}
									]
								}
							},
							"response": []
						},
						{
							"name": "2. Get form which 'Show a summary confirmation message after submission' is check, 'Confirmation message'  'Reset Confirmation message' are defined",
							"request": {
								"method": "GET",
								"header": [],
								"url": {
									"raw": "{{url}}{{formEndpoint}}/D02BC492173E4B8EADE81E1E71E232AF?language=en",
									"host": [
										"{{url}}{{formEndpoint}}"
									],
									"path": [
										"D02BC492173E4B8EADE81E1E71E232AF"
									],
									"query": [
										{
											"key": "language",
											"value": "en"
										}
									]
								}
							},
							"response": []
						},
						{
							"name": "3. Get form which 'Show a summary confirmation message after submission' isn't check and  'Confirmation message' is defined.",
							"request": {
								"method": "GET",
								"header": [],
								"url": {
									"raw": "{{url}}{{formEndpoint}}/32F576148AAB460288489D41C3EAAA0C?language=en",
									"host": [
										"{{url}}{{formEndpoint}}"
									],
									"path": [
										"32F576148AAB460288489D41C3EAAA0C"
									],
									"query": [
										{
											"key": "language",
											"value": "en"
										}
									]
								}
							},
							"response": []
						},
						{
							"name": "4. Get form which define 'Display page after submission' and  'Display message after form submission'",
							"request": {
								"method": "GET",
								"header": [],
								"url": {
									"raw": "{{url}}{{formEndpoint}}/34953254292D44E9B768E3C6C7E3A691?language=en",
									"host": [
										"{{url}}{{formEndpoint}}"
									],
									"path": [
										"34953254292D44E9B768E3C6C7E3A691"
									],
									"query": [
										{
											"key": "language",
											"value": "en"
										}
									]
								}
							},
							"response": []
						},
						{
							"name": "5. Get form which \"Allow anonymous submissions\", \"Allow multiple submissions from the same IP/cookie\", \"Show navigation bar if the form has multiple steps\", \"Store form submissions\" are checked",
							"request": {
								"method": "GET",
								"header": [],
								"url": {
									"raw": "{{url}}{{formEndpoint}}/BA708118F6F94AE1B1EC9454D220C7A0?language=en",
									"host": [
										"{{url}}{{formEndpoint}}"
									],
									"path": [
										"BA708118F6F94AE1B1EC9454D220C7A0"
									],
									"query": [
										{
											"key": "language",
											"value": "en"
										}
									]
								}
							},
							"response": []
						},
						{
							"name": "6. Get form which \"Allow anonymous submissions\", \"Allow multiple submissions from the same IP/cookie\", \"Show navigation bar if the form has multiple steps\", \"Store form submissions\" are not checked",
							"request": {
								"method": "GET",
								"header": [],
								"url": {
									"raw": "{{url}}{{formEndpoint}}/269E3614E1CD43DABDCB62C82DFDADAE?language=en",
									"host": [
										"{{url}}{{formEndpoint}}"
									],
									"path": [
										"269E3614E1CD43DABDCB62C82DFDADAE"
									],
									"query": [
										{
											"key": "language",
											"value": "en"
										}
									]
								}
							},
							"response": []
						}
					]
				},
				{
					"name": "Form Elements",
					"item": [
						{
							"name": "Text element",
							"item": [
								{
									"name": "1. Get form contains Text element. Name, Label text, Tooltip, Placeholder text, Predefined value are defined.",
									"request": {
										"method": "GET",
										"header": [],
										"url": {
											"raw": "{{url}}{{formEndpoint}}/8DB46FF36A8D4BEC819FB87DACEDEF7B?language=en",
											"host": [
												"{{url}}{{formEndpoint}}"
											],
											"path": [
												"8DB46FF36A8D4BEC819FB87DACEDEF7B"
											],
											"query": [
												{
													"key": "language",
													"value": "en"
												}
											]
										}
									},
									"response": []
								},
								{
									"name": "2. Get form contains Text element. Validators 'Required', 'Email', 'Date (DD/MM/YYYY)', 'Date (MM/DD/YYYY)', 'Date (YYYY-MM-DD)' is checked.",
									"request": {
										"method": "GET",
										"header": [],
										"url": {
											"raw": "{{url}}{{formEndpoint}}/79E7D2E8BE6241799D015B2EDB09C629?language=en",
											"host": [
												"{{url}}{{formEndpoint}}"
											],
											"path": [
												"79E7D2E8BE6241799D015B2EDB09C629"
											],
											"query": [
												{
													"key": "language",
													"value": "en"
												}
											]
										}
									},
									"response": []
								}
							]
						},
						{
							"name": "Textarea element",
							"item": [
								{
									"name": "1. Get form contains Text area element.Name, Label text, Tooltip, Placeholder text, Auto Complete are defined",
									"request": {
										"method": "GET",
										"header": [],
										"url": {
											"raw": "{{url}}{{formEndpoint}}/1031CDE767124CAA90D8CC210F304B3A?language=en",
											"host": [
												"{{url}}{{formEndpoint}}"
											],
											"path": [
												"1031CDE767124CAA90D8CC210F304B3A"
											],
											"query": [
												{
													"key": "language",
													"value": "en"
												}
											]
										}
									},
									"response": []
								},
								{
									"name": "2.Get form contains Text area element. Validators 'Required' is checked, 'Regular expression' is checked and define regular expression.",
									"request": {
										"method": "GET",
										"header": [],
										"url": {
											"raw": "{{url}}{{formEndpoint}}/83538494B84D4B8AA405D6FF19CB733D?language=en",
											"host": [
												"{{url}}{{formEndpoint}}"
											],
											"path": [
												"83538494B84D4B8AA405D6FF19CB733D"
											],
											"query": [
												{
													"key": "language",
													"value": "en"
												}
											]
										}
									},
									"response": []
								}
							]
						},
						{
							"name": "Number element",
							"item": [
								{
									"name": "1.Get form contains Number element. Name, Label text, Tooltip, Placeholder text, Auto Complete are defined.",
									"request": {
										"method": "GET",
										"header": [],
										"url": {
											"raw": "{{url}}{{formEndpoint}}/713DAB3E2F8545F7AE429BC16822B3E6?language=en",
											"host": [
												"{{url}}{{formEndpoint}}"
											],
											"path": [
												"713DAB3E2F8545F7AE429BC16822B3E6"
											],
											"query": [
												{
													"key": "language",
													"value": "en"
												}
											]
										}
									},
									"response": []
								},
								{
									"name": "2. Get form contains Number element. Validators 'Required', 'Integer', 'Positive integer' are checked.",
									"request": {
										"method": "GET",
										"header": [],
										"url": {
											"raw": "{{url}}{{formEndpoint}}/61C2B835CECF4CE79EE688C2D2162B41?language=en",
											"host": [
												"{{url}}{{formEndpoint}}"
											],
											"path": [
												"61C2B835CECF4CE79EE688C2D2162B41"
											],
											"query": [
												{
													"key": "language",
													"value": "en"
												}
											]
										}
									},
									"response": []
								}
							]
						},
						{
							"name": "Range Element",
							"item": [
								{
									"name": "1.Get form contains Range element.Name, Label text, Tooltip, Placeholder text, Min, Max, Step are defined.",
									"request": {
										"method": "GET",
										"header": [],
										"url": {
											"raw": "{{url}}{{formEndpoint}}/3450910257024209A7565A5D42436724?language=en",
											"host": [
												"{{url}}{{formEndpoint}}"
											],
											"path": [
												"3450910257024209A7565A5D42436724"
											],
											"query": [
												{
													"key": "language",
													"value": "en"
												}
											]
										}
									},
									"response": []
								}
							]
						},
						{
							"name": "Url element",
							"item": [
								{
									"name": "1.Get form contains Range element. Name, Label text, Tooltip, Placeholder, Predefined value text are defined.",
									"request": {
										"method": "GET",
										"header": [],
										"url": {
											"raw": "{{url}}{{formEndpoint}}/B0EC3C4E826E427684C21A8C97664ACD?language=en",
											"host": [
												"{{url}}{{formEndpoint}}"
											],
											"path": [
												"B0EC3C4E826E427684C21A8C97664ACD"
											],
											"query": [
												{
													"key": "language",
													"value": "en"
												}
											]
										}
									},
									"response": []
								},
								{
									"name": "2. Get form contains Url element. Validators 'Required', 'Regular expression' are checked.",
									"request": {
										"method": "GET",
										"header": [],
										"url": {
											"raw": "{{url}}{{formEndpoint}}/01DA95BEB92146DBAA83FB0D5A7B7E8A?language=en",
											"host": [
												"{{url}}{{formEndpoint}}"
											],
											"path": [
												"01DA95BEB92146DBAA83FB0D5A7B7E8A"
											],
											"query": [
												{
													"key": "language",
													"value": "en"
												}
											]
										}
									},
									"response": []
								}
							]
						},
						{
							"name": "Selection element",
							"item": [
								{
									"name": "1. Get form contains Selection element. Name, Label text, Tooltip, Placeholder, Auto Complete are defined.",
									"request": {
										"method": "GET",
										"header": [],
										"url": {
											"raw": "{{url}}{{formEndpoint}}/1274E3B6BA21468F8236645B3042EAD1?language=en",
											"host": [
												"{{url}}{{formEndpoint}}"
											],
											"path": [
												"1274E3B6BA21468F8236645B3042EAD1"
											],
											"query": [
												{
													"key": "language",
													"value": "en"
												}
											]
										}
									},
									"response": []
								},
								{
									"name": "2. Get form contains Selection element. Validators 'Required', 'Allow multiple choices' are checked.",
									"request": {
										"method": "GET",
										"header": [],
										"url": {
											"raw": "{{url}}{{formEndpoint}}/8E0BDF46DA1D481E830398E6A09C22FC?language=en",
											"host": [
												"{{url}}{{formEndpoint}}"
											],
											"path": [
												"8E0BDF46DA1D481E830398E6A09C22FC"
											],
											"query": [
												{
													"key": "language",
													"value": "en"
												}
											]
										}
									},
									"response": []
								},
								{
									"name": "3.Get form contains Selection element. Items are defined and one item is checked by default.",
									"request": {
										"method": "GET",
										"header": [],
										"url": {
											"raw": "{{url}}{{formEndpoint}}/9FB2FA1678554AE4993EA464486C0444?language=en",
											"host": [
												"{{url}}{{formEndpoint}}"
											],
											"path": [
												"9FB2FA1678554AE4993EA464486C0444"
											],
											"query": [
												{
													"key": "language",
													"value": "en"
												}
											]
										}
									},
									"response": []
								}
							]
						},
						{
							"name": "Multiple or single choice Element",
							"item": [
								{
									"name": "1. Get form contains Multiple or single choice Element element.Name, Label text, Tooltip are defined.",
									"request": {
										"method": "GET",
										"header": [],
										"url": {
											"raw": "{{url}}{{formEndpoint}}/5A48AF9E44194830A6B335CEF6AB721A?language=en",
											"host": [
												"{{url}}{{formEndpoint}}"
											],
											"path": [
												"5A48AF9E44194830A6B335CEF6AB721A"
											],
											"query": [
												{
													"key": "language",
													"value": "en"
												}
											]
										}
									},
									"response": []
								},
								{
									"name": "2.Get form contains Selection element. Validators 'Required', 'Allow multiple choices' are checked.",
									"request": {
										"method": "GET",
										"header": [],
										"url": {
											"raw": "{{url}}{{formEndpoint}}/AB16972D0A15483884580880B424D30D?language=en",
											"host": [
												"{{url}}{{formEndpoint}}"
											],
											"path": [
												"AB16972D0A15483884580880B424D30D"
											],
											"query": [
												{
													"key": "language",
													"value": "en"
												}
											]
										}
									},
									"response": []
								},
								{
									"name": "3.Get form contains Selection element. Items are defined and one item is checked by default.",
									"request": {
										"method": "GET",
										"header": [],
										"url": {
											"raw": "{{url}}{{formEndpoint}}/D6076C776C3D49CE87FEB1F896C8BB7A?language=en",
											"host": [
												"{{url}}{{formEndpoint}}"
											],
											"path": [
												"D6076C776C3D49CE87FEB1F896C8BB7A"
											],
											"query": [
												{
													"key": "language",
													"value": "en"
												}
											]
										}
									},
									"response": []
								}
							]
						},
						{
							"name": "Image element",
							"item": [
								{
									"name": "1. Get form contains Image choice Element element. Name, Label text, Tooltip are defined.",
									"request": {
										"method": "GET",
										"header": [],
										"url": {
											"raw": "{{url}}{{formEndpoint}}/D65858317C294B808E881380731E5CED?language=en",
											"host": [
												"{{url}}{{formEndpoint}}"
											],
											"path": [
												"D65858317C294B808E881380731E5CED"
											],
											"query": [
												{
													"key": "language",
													"value": "en"
												}
											]
										}
									},
									"response": []
								},
								{
									"name": "2. Get form contains Image choice element. Validators 'Required', 'Allow multiple choices', 'Show the check box or radio button' are checked.",
									"request": {
										"method": "GET",
										"header": [],
										"url": {
											"raw": "{{url}}{{formEndpoint}}/E9C90C137BAB430BA2C4D375F7D0EC3D?language=en",
											"host": [
												"{{url}}{{formEndpoint}}"
											],
											"path": [
												"E9C90C137BAB430BA2C4D375F7D0EC3D"
											],
											"query": [
												{
													"key": "language",
													"value": "en"
												}
											]
										}
									},
									"response": []
								},
								{
									"name": "3.Get form contains Image choice element. Image choices Item are defined.",
									"request": {
										"method": "GET",
										"header": [],
										"url": {
											"raw": "{{url}}{{formEndpoint}}/86164AEA037A420BAA5A169176003E78?language=en",
											"host": [
												"{{url}}{{formEndpoint}}"
											],
											"path": [
												"86164AEA037A420BAA5A169176003E78"
											],
											"query": [
												{
													"key": "language",
													"value": "en"
												}
											]
										}
									},
									"response": []
								}
							]
						},
						{
							"name": "Hidden visitor profiling Element",
							"item": [
								{
									"name": "1. Get form contains 'Hidden visitor profiling' element. Geo is defined.",
									"request": {
										"method": "GET",
										"header": [],
										"url": {
											"raw": "{{url}}{{formEndpoint}}/78C0549D249A43A1BA66F0233F957279?language=en",
											"host": [
												"{{url}}{{formEndpoint}}"
											],
											"path": [
												"78C0549D249A43A1BA66F0233F957279"
											],
											"query": [
												{
													"key": "language",
													"value": "en"
												}
											]
										}
									},
									"response": []
								},
								{
									"name": "2. Get form contains 'Hidden visitor profiling' element. Profile is defined.",
									"request": {
										"method": "GET",
										"header": [],
										"url": {
											"raw": "{{url}}{{formEndpoint}}/0BE68B4329074E3C8449F922811BB2E9?language=en",
											"host": [
												"{{url}}{{formEndpoint}}"
											],
											"path": [
												"0BE68B4329074E3C8449F922811BB2E9"
											],
											"query": [
												{
													"key": "language",
													"value": "en"
												}
											]
										}
									},
									"response": []
								},
								{
									"name": "3. Get form contains 'Hidden visitor profiling' element. User agent is defined.",
									"request": {
										"method": "GET",
										"header": [],
										"url": {
											"raw": "{{url}}{{formEndpoint}}/50C62F8B7A2A4E938B4D9026FAE32CA1?language=en",
											"host": [
												"{{url}}{{formEndpoint}}"
											],
											"path": [
												"50C62F8B7A2A4E938B4D9026FAE32CA1"
											],
											"query": [
												{
													"key": "language",
													"value": "en"
												}
											]
										}
									},
									"response": []
								},
								{
									"name": "4. Get form contains 'Hidden visitor profiling' element. Visitor groups is defined.",
									"request": {
										"method": "GET",
										"header": [],
										"url": {
											"raw": "{{url}}{{formEndpoint}}/C62507EF782449F58B9C47024DACF59A?language=en",
											"host": [
												"{{url}}{{formEndpoint}}"
											],
											"path": [
												"C62507EF782449F58B9C47024DACF59A"
											],
											"query": [
												{
													"key": "language",
													"value": "en"
												}
											]
										}
									},
									"response": []
								}
							]
						},
						{
							"name": "Submit button, Reset button, Form step",
							"item": [
								{
									"name": "1. Get form contains 'Submit button', 'Reset button' elements. Submit button which Name, Label text, Tooltip, Image, Display page after submission are defined. Finalize form  is checked. Reset button which Name, Label text, Tooltip are defined.",
									"request": {
										"method": "GET",
										"header": [],
										"url": {
											"raw": "{{url}}{{formEndpoint}}/D3F28777E98A42E2823BACE2451D962A?language=en",
											"host": [
												"{{url}}{{formEndpoint}}"
											],
											"path": [
												"D3F28777E98A42E2823BACE2451D962A"
											],
											"query": [
												{
													"key": "language",
													"value": "en"
												}
											]
										}
									},
									"response": []
								},
								{
									"name": "2. Get form contains 'Form step' element. Name, Label text, Tooltip, Display step in other content are defined.",
									"request": {
										"method": "GET",
										"header": [],
										"url": {
											"raw": "{{url}}{{formEndpoint}}/D8B99D7E0637493FBA5D8EE42BE696FA?language=en",
											"host": [
												"{{url}}{{formEndpoint}}"
											],
											"path": [
												"D8B99D7E0637493FBA5D8EE42BE696FA"
											],
											"query": [
												{
													"key": "language",
													"value": "en"
												}
											]
										}
									},
									"response": []
								}
							]
						},
						{
							"name": "1. Get form which contains elements: Text, Text area, Number, Range,Url, Selection, Mutiple or singe choice, Image choice, File upload, Hidden visitor profiling, Form step, Submit, Reset.",
							"request": {
								"method": "GET",
								"header": [],
								"url": {
									"raw": "{{url}}{{formEndpoint}}/7C144D04F6A94F2CB29ABED5C2E6FF74?language=en",
									"host": [
										"{{url}}{{formEndpoint}}"
									],
									"path": [
										"7C144D04F6A94F2CB29ABED5C2E6FF74"
									],
									"query": [
										{
											"key": "language",
											"value": "en"
										}
									]
								}
							},
							"response": []
						},
						{
							"name": "2. Get form element.",
							"request": {
								"method": "GET",
								"header": [],
								"url": {
									"raw": "{{url}}{{formEndpoint}}/A22270AC56894668AB2A784782D9088C?language=en",
									"host": [
										"{{url}}{{formEndpoint}}"
									],
									"path": [
										"A22270AC56894668AB2A784782D9088C"
									],
									"query": [
										{
											"key": "language",
											"value": "en"
										}
									]
								}
							},
							"response": []
						}
					]
				},
				{
					"name": "Dependencies",
					"item": [
						{
							"name": "1. Get Dependencies of form that 'satisfiedAction' is shown and 'operator' is Equals",
							"request": {
								"method": "GET",
								"header": [],
								"url": {
									"raw": "{{url}}{{formEndpoint}}/089A1E232BAD4845A5F4AB1E999C7D78?language=en",
									"host": [
										"{{url}}{{formEndpoint}}"
									],
									"path": [
										"089A1E232BAD4845A5F4AB1E999C7D78"
									],
									"query": [
										{
											"key": "language",
											"value": "en"
										}
									]
								}
							},
							"response": []
						},
						{
							"name": "2. Get Dependencies of form that 'satisfiedAction' is shown and 'operator' is Not equals",
							"request": {
								"method": "GET",
								"header": [],
								"url": {
									"raw": "{{url}}{{formEndpoint}}/F21598B94FF24DD991F253CBABE30869?language=en",
									"host": [
										"{{url}}{{formEndpoint}}"
									],
									"path": [
										"F21598B94FF24DD991F253CBABE30869"
									],
									"query": [
										{
											"key": "language",
											"value": "en"
										}
									]
								}
							},
							"response": []
						},
						{
							"name": "3. Get Dependencies of form that 'satisfiedAction' is shown and 'operator' is Contains",
							"request": {
								"method": "GET",
								"header": [],
								"url": {
									"raw": "{{url}}{{formEndpoint}}/B6923A2BBDC54174BF5D31E295403069?language=en",
									"host": [
										"{{url}}{{formEndpoint}}"
									],
									"path": [
										"B6923A2BBDC54174BF5D31E295403069"
									],
									"query": [
										{
											"key": "language",
											"value": "en"
										}
									]
								}
							},
							"response": []
						},
						{
							"name": "4. Get Dependencies of form that 'satisfiedAction' is shown and 'operator' is 'Not Contains'",
							"request": {
								"method": "GET",
								"header": [],
								"url": {
									"raw": "{{url}}{{formEndpoint}}/5CD5166415CF4A9AB7CB7F916885A2F2?language=en",
									"host": [
										"{{url}}{{formEndpoint}}"
									],
									"path": [
										"5CD5166415CF4A9AB7CB7F916885A2F2"
									],
									"query": [
										{
											"key": "language",
											"value": "en"
										}
									]
								}
							},
							"response": []
						},
						{
							"name": "5. Get Dependencies of form that 'satisfiedAction' is shown and 'operator' is 'Match with regular expression'",
							"request": {
								"method": "GET",
								"header": [],
								"url": {
									"raw": "{{url}}{{formEndpoint}}/F2C46E86A0DC4EA8BA42CD3F26867047?language=en",
									"host": [
										"{{url}}{{formEndpoint}}"
									],
									"path": [
										"F2C46E86A0DC4EA8BA42CD3F26867047"
									],
									"query": [
										{
											"key": "language",
											"value": "en"
										}
									]
								}
							},
							"response": []
						},
						{
							"name": "6. Get Dependencies of form which has many conditions and combine of conditional logic is 'All'",
							"request": {
								"method": "GET",
								"header": [],
								"url": {
									"raw": "{{url}}{{formEndpoint}}/B945A56207B843C8B509AD8251CF5309?language=en",
									"host": [
										"{{url}}{{formEndpoint}}"
									],
									"path": [
										"B945A56207B843C8B509AD8251CF5309"
									],
									"query": [
										{
											"key": "language",
											"value": "en"
										}
									]
								}
							},
							"response": []
						},
						{
							"name": "7. Get Dependencies of form which has many conditions and combine of conditional logic is 'Any'",
							"request": {
								"method": "GET",
								"header": [],
								"url": {
									"raw": "{{url}}{{formEndpoint}}/9C5A0F8A158548858BC5A8A171712783?language=en",
									"host": [
										"{{url}}{{formEndpoint}}"
									],
									"path": [
										"9C5A0F8A158548858BC5A8A171712783"
									],
									"query": [
										{
											"key": "language",
											"value": "en"
										}
									]
								}
							},
							"response": []
						},
						{
							"name": "8. Get Dependencies of form which has many conditions and combine of conditional logic is 'Any'",
							"request": {
								"method": "GET",
								"header": [],
								"url": {
									"raw": "{{url}}{{formEndpoint}}/CB3F9E3F683E4929998DB90668E9356C?language=en",
									"host": [
										"{{url}}{{formEndpoint}}"
									],
									"path": [
										"CB3F9E3F683E4929998DB90668E9356C"
									],
									"query": [
										{
											"key": "language",
											"value": "en"
										}
									]
								}
							},
							"response": []
						}
					]
				},
				{
					"name": "Language",
					"item": [
						{
							"name": "1.1 Get single form which contains all supported element type in language 'en'",
							"request": {
								"method": "GET",
								"header": [],
								"url": {
									"raw": "{{url}}{{formEndpoint}}/76478A0C321048F585311FED51A10535?language=en",
									"host": [
										"{{url}}{{formEndpoint}}"
									],
									"path": [
										"76478A0C321048F585311FED51A10535"
									],
									"query": [
										{
											"key": "language",
											"value": "en"
										}
									]
								}
							},
							"response": []
						},
						{
							"name": "1.2 Get single form which contains all supported element type in language 'sv'",
							"request": {
								"method": "GET",
								"header": [],
								"url": {
									"raw": "{{url}}{{formEndpoint}}/76478A0C321048F585311FED51A10535?language=sv",
									"host": [
										"{{url}}{{formEndpoint}}"
									],
									"path": [
										"76478A0C321048F585311FED51A10535"
									],
									"query": [
										{
											"key": "language",
											"value": "sv"
										}
									]
								}
							},
							"response": []
						},
						{
							"name": "2.1 Get multiple form which contains supported elements type in language 'en'",
							"request": {
								"method": "GET",
								"header": [],
								"url": {
									"raw": "{{url}}{{formEndpoint}}/3DDF2E9FA7C246ABBD4A813886D11FD8?language=en",
									"host": [
										"{{url}}{{formEndpoint}}"
									],
									"path": [
										"3DDF2E9FA7C246ABBD4A813886D11FD8"
									],
									"query": [
										{
											"key": "language",
											"value": "en"
										}
									]
								}
							},
							"response": []
						},
						{
							"name": "2.2 Get multiple form which contains supported elements type in language 'sv'",
							"request": {
								"method": "GET",
								"header": [],
								"url": {
									"raw": "{{url}}{{formEndpoint}}/3DDF2E9FA7C246ABBD4A813886D11FD8?language=sv",
									"host": [
										"{{url}}{{formEndpoint}}"
									],
									"path": [
										"3DDF2E9FA7C246ABBD4A813886D11FD8"
									],
									"query": [
										{
											"key": "language",
											"value": "sv"
										}
									]
								}
							},
							"response": []
						},
						{
							"name": "3. Get form in language which does not exist.",
							"request": {
								"method": "GET",
								"header": [],
								"url": {
									"raw": "{{url}}{{formEndpoint}}/3DDF2E9FA7C246ABBD4A813886D11FD8?language=nl-BE",
									"host": [
										"{{url}}{{formEndpoint}}"
									],
									"path": [
										"3DDF2E9FA7C246ABBD4A813886D11FD8"
									],
									"query": [
										{
											"key": "language",
											"value": "nl-BE"
										}
									]
								}
							},
							"response": []
						}
					]
				},
				{
					"name": "New Request",
					"request": {
						"method": "GET",
						"header": []
					},
					"response": []
				}
			]
		},
		{
			"name": "Form submission",
			"item": [
				{
					"name": "Common",
					"item": [
						{
							"name": "Get a valid form",
							"request": {
								"method": "GET",
								"header": [],
								"url": {
									"raw": "{{url}}{{formEndpoint}}/CC10C9CB4D49471E96887C025DEB60D8",
									"host": [
										"{{url}}{{formEndpoint}}"
									],
									"path": [
										"CC10C9CB4D49471E96887C025DEB60D8"
									]
								}
							},
							"response": []
						},
						{
							"name": "1. POST a form submission with full valid parameters and values.",
							"request": {
								"method": "POST",
								"header": [],
								"body": {
									"mode": "formdata",
									"formdata": [
										{
											"key": "formKey",
											"value": "cc10c9cb4d49471e96887c025deb60d8",
											"type": "text"
										},
										{
											"key": "locale",
											"value": "en",
											"type": "text"
										},
										{
											"key": "isFinalized",
											"value": "true",
											"type": "text"
										},
										{
											"key": "hostedPageUrl",
											"value": "",
											"type": "text"
										},
										{
											"key": "partialSubmissionKey",
											"value": "",
											"type": "text"
										},
										{
											"key": "__field_e088ec010e0644d2b5fe3468f75b4ede",
											"value": "hello",
											"type": "text"
										},
										{
											"key": "__field_f0cc8467b2fa422c965cd9d4c6893e25",
											"value": "hello",
											"type": "text"
										},
										{
											"key": "",
											"value": "",
											"type": "text",
											"disabled": true
										}
									]
								},
								"url": {
									"raw": "{{url}}{{formEndpoint}}",
									"host": [
										"{{url}}{{formEndpoint}}"
									],
									"query": [
										{
											"key": "",
											"value": null,
											"disabled": true
										}
									]
								}
							},
							"response": []
						},
						{
							"name": "2. POST a form submission which only have valid formKey",
							"request": {
								"method": "POST",
								"header": [],
								"body": {
									"mode": "formdata",
									"formdata": [
										{
											"key": "formKey",
											"value": "cc10c9cb4d49471e96887c025deb60d8",
											"type": "text"
										},
										{
											"key": "locale",
											"value": "en",
											"type": "text",
											"disabled": true
										},
										{
											"key": "isFinalized",
											"value": "true",
											"type": "text",
											"disabled": true
										},
										{
											"key": "hostedPageUrl",
											"value": "",
											"type": "text",
											"disabled": true
										},
										{
											"key": "partialSubmissionKey",
											"value": "",
											"type": "text",
											"disabled": true
										},
										{
											"key": "__field_e088ec010e0644d2b5fe3468f75b4ede",
											"value": "",
											"type": "text",
											"disabled": true
										},
										{
											"key": "__field_f0cc8467b2fa422c965cd9d4c6893e25",
											"value": "",
											"type": "text",
											"disabled": true
										}
									]
								},
								"url": {
									"raw": "{{url}}{{formEndpoint}}",
									"host": [
										"{{url}}{{formEndpoint}}"
									],
									"query": [
										{
											"key": "",
											"value": null,
											"disabled": true
										}
									]
								}
							},
							"response": []
						},
						{
							"name": "3. POST a form submission which have valid formKey and values of elements are null",
							"request": {
								"method": "POST",
								"header": [],
								"body": {
									"mode": "formdata",
									"formdata": [
										{
											"key": "formKey",
											"value": "cc10c9cb4d49471e96887c025deb60d8",
											"type": "text"
										},
										{
											"key": "locale",
											"value": "en",
											"type": "text",
											"disabled": true
										},
										{
											"key": "isFinalized",
											"value": "true",
											"type": "text",
											"disabled": true
										},
										{
											"key": "hostedPageUrl",
											"value": "",
											"type": "text",
											"disabled": true
										},
										{
											"key": "partialSubmissionKey",
											"value": "",
											"type": "text",
											"disabled": true
										},
										{
											"key": "__field_e088ec010e0644d2b5fe3468f75b4ede",
											"value": "",
											"type": "text"
										},
										{
											"key": "__field_f0cc8467b2fa422c965cd9d4c6893e25",
											"value": "",
											"type": "text"
										}
									]
								},
								"url": {
									"raw": "http://localhost:8000/_form/v1/form",
									"protocol": "http",
									"host": [
										"localhost"
									],
									"port": "8000",
									"path": [
										"_form",
										"v1",
										"form"
									],
									"query": [
										{
											"key": "",
											"value": null,
											"disabled": true
										}
									]
								}
							},
							"response": []
						},
						{
							"name": "Invalid - POST a form submission with empty body.",
							"request": {
								"method": "POST",
								"header": [],
								"body": {
									"mode": "formdata",
									"formdata": [
										{
											"key": "formKey",
											"value": "cc10c9cb4d49471e96887c025deb60d8",
											"type": "text"
										},
										{
											"key": "locale",
											"value": "en",
											"type": "text",
											"disabled": true
										},
										{
											"key": "isFinalized",
											"value": "true",
											"type": "text",
											"disabled": true
										},
										{
											"key": "hostedPageUrl",
											"value": "",
											"type": "text",
											"disabled": true
										},
										{
											"key": "partialSubmissionKey",
											"value": "",
											"type": "text",
											"disabled": true
										},
										{
											"key": "__field_e088ec010e0644d2b5fe3468f75b4ede",
											"value": "",
											"type": "text",
											"disabled": true
										},
										{
											"key": "__field_f0cc8467b2fa422c965cd9d4c6893e25",
											"value": "",
											"type": "text",
											"disabled": true
										}
									]
								},
								"url": {
									"raw": "{{url}}{{formEndpoint}}",
									"host": [
										"{{url}}{{formEndpoint}}"
									],
									"query": [
										{
											"key": "",
											"value": null,
											"disabled": true
										}
									]
								}
							},
							"response": []
						}
					]
				},
				{
					"name": "formKey",
					"item": [
						{
							"name": "4. Invalid - POST a form submission without formKey",
							"request": {
								"method": "POST",
								"header": [],
								"body": {
									"mode": "formdata",
									"formdata": []
								},
								"url": {
									"raw": "{{url}}{{formEndpoint}}",
									"host": [
										"{{url}}{{formEndpoint}}"
									],
									"query": [
										{
											"key": "",
											"value": null,
											"disabled": true
										}
									]
								}
							},
							"response": []
						},
						{
							"name": "5.1. Invalid - POST a form submission without formKey(empty)",
							"request": {
								"method": "POST",
								"header": [],
								"body": {
									"mode": "formdata",
									"formdata": [
										{
											"key": "formKey",
											"value": "",
											"type": "text"
										},
										{
											"key": "locale",
											"value": "en",
											"type": "text",
											"disabled": true
										},
										{
											"key": "isFinalized",
											"value": "true",
											"type": "text",
											"disabled": true
										},
										{
											"key": "hostedPageUrl",
											"value": "",
											"type": "text",
											"disabled": true
										},
										{
											"key": "partialSubmissionKey",
											"value": "",
											"type": "text",
											"disabled": true
										},
										{
											"key": "__field_e088ec010e0644d2b5fe3468f75b4ede",
											"value": "",
											"type": "text"
										},
										{
											"key": "__field_f0cc8467b2fa422c965cd9d4c6893e25",
											"value": "",
											"type": "text"
										}
									]
								},
								"url": {
									"raw": "{{url}}{{formEndpoint}}",
									"host": [
										"{{url}}{{formEndpoint}}"
									],
									"query": [
										{
											"key": "",
											"value": null,
											"disabled": true
										}
									]
								}
							},
							"response": []
						},
						{
							"name": "5.2. Invalid - POST a form submission without formKey(string of all spacebar characters)",
							"request": {
								"method": "POST",
								"header": [],
								"body": {
									"mode": "formdata",
									"formdata": [
										{
											"key": "formKey",
											"value": "                         ",
											"type": "text"
										},
										{
											"key": "locale",
											"value": "en",
											"type": "text",
											"disabled": true
										},
										{
											"key": "isFinalized",
											"value": "true",
											"type": "text",
											"disabled": true
										},
										{
											"key": "hostedPageUrl",
											"value": "",
											"type": "text",
											"disabled": true
										},
										{
											"key": "partialSubmissionKey",
											"value": "",
											"type": "text",
											"disabled": true
										},
										{
											"key": "__field_e088ec010e0644d2b5fe3468f75b4ede",
											"value": "",
											"type": "text"
										},
										{
											"key": "__field_f0cc8467b2fa422c965cd9d4c6893e25",
											"value": "",
											"type": "text"
										}
									]
								},
								"url": {
									"raw": "{{url}}{{formEndpoint}}",
									"host": [
										"{{url}}{{formEndpoint}}"
									],
									"query": [
										{
											"key": "",
											"value": null,
											"disabled": true
										}
									]
								}
							},
							"response": []
						},
						{
							"name": "5.3. Invalid - POST a form submission without formKey(no key field)",
							"request": {
								"method": "POST",
								"header": [],
								"body": {
									"mode": "formdata",
									"formdata": [
										{
											"key": "locale",
											"value": "en",
											"type": "text",
											"disabled": true
										},
										{
											"key": "isFinalized",
											"value": "true",
											"type": "text",
											"disabled": true
										},
										{
											"key": "hostedPageUrl",
											"value": "",
											"type": "text",
											"disabled": true
										},
										{
											"key": "partialSubmissionKey",
											"value": "",
											"type": "text",
											"disabled": true
										},
										{
											"key": "__field_e088ec010e0644d2b5fe3468f75b4ede",
											"value": "",
											"type": "text"
										},
										{
											"key": "__field_f0cc8467b2fa422c965cd9d4c6893e25",
											"value": "",
											"type": "text"
										}
									]
								},
								"url": {
									"raw": "{{url}}{{formEndpoint}}",
									"host": [
										"{{url}}{{formEndpoint}}"
									],
									"query": [
										{
											"key": "",
											"value": null,
											"disabled": true
										}
									]
								}
							},
							"response": []
						},
						{
							"name": "6.1. Invalid - POST a form submission with invalid key format(integer)",
							"request": {
								"method": "POST",
								"header": [],
								"body": {
									"mode": "formdata",
									"formdata": [
										{
											"key": "formKey",
											"value": "12345678912345678912345678912345",
											"type": "text"
										},
										{
											"key": "locale",
											"value": "en",
											"type": "text",
											"disabled": true
										},
										{
											"key": "isFinalized",
											"value": "true",
											"type": "text",
											"disabled": true
										},
										{
											"key": "hostedPageUrl",
											"value": "",
											"type": "text",
											"disabled": true
										},
										{
											"key": "partialSubmissionKey",
											"value": "",
											"type": "text",
											"disabled": true
										},
										{
											"key": "__field_e088ec010e0644d2b5fe3468f75b4ede",
											"value": "",
											"type": "text"
										},
										{
											"key": "__field_f0cc8467b2fa422c965cd9d4c6893e25",
											"value": "",
											"type": "text"
										}
									]
								},
								"url": {
									"raw": "{{url}}{{formEndpoint}}",
									"host": [
										"{{url}}{{formEndpoint}}"
									],
									"query": [
										{
											"key": "",
											"value": null,
											"disabled": true
										}
									]
								}
							},
							"response": []
						},
						{
							"name": "6.2. Invalid - POST a form submission with invalid key format(object)",
							"request": {
								"method": "POST",
								"header": [],
								"body": {
									"mode": "formdata",
									"formdata": [
										{
											"key": "formKey",
											"value": "\"properties\": {\n                \"label\": \"Submit\",\n                \"validators\": []\n            }",
											"type": "text"
										},
										{
											"key": "locale",
											"value": "en",
											"type": "text",
											"disabled": true
										},
										{
											"key": "isFinalized",
											"value": "true",
											"type": "text",
											"disabled": true
										},
										{
											"key": "hostedPageUrl",
											"value": "",
											"type": "text",
											"disabled": true
										},
										{
											"key": "partialSubmissionKey",
											"value": "",
											"type": "text",
											"disabled": true
										},
										{
											"key": "__field_e088ec010e0644d2b5fe3468f75b4ede",
											"value": "",
											"type": "text"
										},
										{
											"key": "__field_f0cc8467b2fa422c965cd9d4c6893e25",
											"value": "",
											"type": "text"
										}
									]
								},
								"url": {
									"raw": "{{url}}{{formEndpoint}}",
									"host": [
										"{{url}}{{formEndpoint}}"
									],
									"query": [
										{
											"key": "",
											"value": null,
											"disabled": true
										}
									]
								}
							},
							"response": []
						},
						{
							"name": "6.3. Invalid - POST a form submission with invalid key format(boolean)",
							"request": {
								"method": "POST",
								"header": [],
								"body": {
									"mode": "formdata",
									"formdata": [
										{
											"key": "formKey",
											"value": "true",
											"type": "text"
										},
										{
											"key": "locale",
											"value": "en",
											"type": "text",
											"disabled": true
										},
										{
											"key": "isFinalized",
											"value": "true",
											"type": "text",
											"disabled": true
										},
										{
											"key": "hostedPageUrl",
											"value": "",
											"type": "text",
											"disabled": true
										},
										{
											"key": "partialSubmissionKey",
											"value": "",
											"type": "text",
											"disabled": true
										},
										{
											"key": "__field_e088ec010e0644d2b5fe3468f75b4ede",
											"value": "",
											"type": "text"
										},
										{
											"key": "__field_f0cc8467b2fa422c965cd9d4c6893e25",
											"value": "",
											"type": "text"
										}
									]
								},
								"url": {
									"raw": "{{url}}{{formEndpoint}}",
									"host": [
										"{{url}}{{formEndpoint}}"
									],
									"query": [
										{
											"key": "",
											"value": null,
											"disabled": true
										}
									]
								}
							},
							"response": []
						},
						{
							"name": "7.1. Get a form which does not Allow multiple submissions from the same IP/cookie",
							"protocolProfileBehavior": {
								"disableBodyPruning": true
							},
							"request": {
								"method": "GET",
								"header": [],
								"body": {
									"mode": "formdata",
									"formdata": []
								},
								"url": {
									"raw": "{{url}}{{formEndpoint}}/810393CE51AB4BA6A702C3E20070CF21",
									"host": [
										"{{url}}{{formEndpoint}}"
									],
									"path": [
										"810393CE51AB4BA6A702C3E20070CF21"
									],
									"query": [
										{
											"key": "",
											"value": null,
											"disabled": true
										}
									]
								}
							},
							"response": []
						},
						{
							"name": "7.2. POST /_form/v1/form the first time for above form",
							"request": {
								"method": "POST",
								"header": [],
								"body": {
									"mode": "formdata",
									"formdata": [
										{
											"key": "formKey",
											"value": "810393ce51ab4ba6a702c3e20070cf21",
											"type": "text"
										},
										{
											"key": "locale",
											"value": "en",
											"type": "text",
											"disabled": true
										},
										{
											"key": "isFinalized",
											"value": "true",
											"type": "text",
											"disabled": true
										},
										{
											"key": "hostedPageUrl",
											"value": "",
											"type": "text",
											"disabled": true
										},
										{
											"key": "partialSubmissionKey",
											"value": "",
											"type": "text",
											"disabled": true
										},
										{
											"key": "__field_da5d97553e0a43aca3e990473463263c",
											"value": "hello",
											"type": "text"
										},
										{
											"key": "__field_c19d8be188f64f9a9afef26cd791fa9c",
											"value": "2023",
											"type": "text"
										}
									]
								},
								"url": {
									"raw": "{{url}}{{formEndpoint}}",
									"host": [
										"{{url}}{{formEndpoint}}"
									],
									"query": [
										{
											"key": "",
											"value": null,
											"disabled": true
										}
									]
								}
							},
							"response": []
						},
						{
							"name": "7.3. POST /_form/v1/form the second time for above form",
							"request": {
								"method": "POST",
								"header": [],
								"body": {
									"mode": "formdata",
									"formdata": [
										{
											"key": "formKey",
											"value": "810393ce51ab4ba6a702c3e20070cf21",
											"type": "text"
										},
										{
											"key": "locale",
											"value": "en",
											"type": "text",
											"disabled": true
										},
										{
											"key": "isFinalized",
											"value": "true",
											"type": "text",
											"disabled": true
										},
										{
											"key": "hostedPageUrl",
											"value": "",
											"type": "text",
											"disabled": true
										},
										{
											"key": "partialSubmissionKey",
											"value": "",
											"type": "text",
											"disabled": true
										},
										{
											"key": "__field_da5d97553e0a43aca3e990473463263c",
											"value": "hello",
											"type": "text"
										},
										{
											"key": "__field_c19d8be188f64f9a9afef26cd791fa9c",
											"value": "2024",
											"type": "text"
										}
									]
								},
								"url": {
									"raw": "{{url}}{{formEndpoint}}",
									"host": [
										"{{url}}{{formEndpoint}}"
									],
									"query": [
										{
											"key": "",
											"value": null,
											"disabled": true
										}
									]
								}
							},
							"response": []
						},
						{
							"name": "8. Invalid - Submit a form with formKey does not exist",
							"request": {
								"method": "POST",
								"header": [],
								"body": {
									"mode": "formdata",
									"formdata": [
										{
											"key": "formKey",
											"value": "true",
											"type": "text"
										},
										{
											"key": "locale",
											"value": "en",
											"type": "text",
											"disabled": true
										},
										{
											"key": "isFinalized",
											"value": "true",
											"type": "text",
											"disabled": true
										},
										{
											"key": "hostedPageUrl",
											"value": "",
											"type": "text",
											"disabled": true
										},
										{
											"key": "partialSubmissionKey",
											"value": "",
											"type": "text",
											"disabled": true
										},
										{
											"key": "__field_e088ec010e0644d2b5fe3468f75b4ede",
											"value": "",
											"type": "text"
										},
										{
											"key": "__field_f0cc8467b2fa422c965cd9d4c6893e25",
											"value": "",
											"type": "text"
										}
									]
								},
								"url": {
									"raw": "{{url}}{{formEndpoint}}",
									"host": [
										"{{url}}{{formEndpoint}}"
									],
									"query": [
										{
											"key": "",
											"value": null,
											"disabled": true
										}
									]
								}
							},
							"response": []
						},
						{
							"name": "9. Invalid - Submit a form with formElement  does not exist on the form.",
							"request": {
								"method": "POST",
								"header": [],
								"body": {
									"mode": "formdata",
									"formdata": [
										{
											"key": "formKey",
											"value": "cc10c9cb4d49471e96887c025deb60d8",
											"type": "text"
										},
										{
											"key": "locale",
											"value": "en",
											"type": "text"
										},
										{
											"key": "isFinalized",
											"value": "true",
											"type": "text"
										},
										{
											"key": "hostedPageUrl",
											"value": "",
											"type": "text"
										},
										{
											"key": "partialSubmissionKey",
											"value": "",
											"type": "text"
										},
										{
											"key": "__field_e088ec010e0644d2b5fe3468f75b4edeT",
											"value": "hello",
											"type": "text"
										},
										{
											"key": "__field_f0cc8467b2fa422c965cd9d4c6893e25T",
											"value": "hello",
											"type": "text"
										},
										{
											"key": "",
											"value": "",
											"type": "text",
											"disabled": true
										}
									]
								},
								"url": {
									"raw": "{{url}}{{formEndpoint}}",
									"host": [
										"{{url}}{{formEndpoint}}"
									],
									"query": [
										{
											"key": "",
											"value": null,
											"disabled": true
										}
									]
								}
							},
							"response": []
						}
					]
				},
				{
					"name": "locale",
					"item": [
						{
							"name": "Master is 'en'",
							"item": [
								{
									"name": "Get a form which have language en(Master), sv, nl-BE",
									"protocolProfileBehavior": {
										"disableBodyPruning": true
									},
									"request": {
										"method": "GET",
										"header": [],
										"body": {
											"mode": "formdata",
											"formdata": []
										},
										"url": {
											"raw": "{{url}}{{formEndpoint}}/7DAB6A7FE08A427CAF8D67ACFCDDCFB9",
											"host": [
												"{{url}}{{formEndpoint}}"
											],
											"path": [
												"7DAB6A7FE08A427CAF8D67ACFCDDCFB9"
											],
											"query": [
												{
													"key": "",
													"value": null,
													"disabled": true
												}
											]
										}
									},
									"response": []
								},
								{
									"name": "10.1.Submit form which locale form exists(locale = en)",
									"request": {
										"method": "POST",
										"header": [],
										"body": {
											"mode": "formdata",
											"formdata": [
												{
													"key": "formKey",
													"value": "7dab6a7fe08a427caf8d67acfcddcfb9",
													"type": "text"
												},
												{
													"key": "locale",
													"value": "en",
													"type": "text"
												},
												{
													"key": "isFinalized",
													"value": "true",
													"type": "text",
													"disabled": true
												},
												{
													"key": "hostedPageUrl",
													"value": "",
													"type": "text",
													"disabled": true
												},
												{
													"key": "partialSubmissionKey",
													"value": "",
													"type": "text",
													"disabled": true
												},
												{
													"key": "__field_f48fad679fa34039b61b0f7d2faad6db",
													"value": "hello",
													"type": "text"
												}
											]
										},
										"url": {
											"raw": "{{url}}{{formEndpoint}}",
											"host": [
												"{{url}}{{formEndpoint}}"
											],
											"query": [
												{
													"key": "",
													"value": null,
													"disabled": true
												}
											]
										}
									},
									"response": []
								},
								{
									"name": "10.2.Submit form which locale form exists(locale = sv)",
									"request": {
										"method": "POST",
										"header": [],
										"body": {
											"mode": "formdata",
											"formdata": [
												{
													"key": "formKey",
													"value": "7dab6a7fe08a427caf8d67acfcddcfb9",
													"type": "text"
												},
												{
													"key": "locale",
													"value": "sv",
													"type": "text"
												},
												{
													"key": "isFinalized",
													"value": "true",
													"type": "text",
													"disabled": true
												},
												{
													"key": "hostedPageUrl",
													"value": "",
													"type": "text",
													"disabled": true
												},
												{
													"key": "partialSubmissionKey",
													"value": "",
													"type": "text",
													"disabled": true
												},
												{
													"key": "__field_f48fad679fa34039b61b0f7d2faad6db",
													"value": "hello",
													"type": "text"
												}
											]
										},
										"url": {
											"raw": "{{url}}{{formEndpoint}}",
											"host": [
												"{{url}}{{formEndpoint}}"
											],
											"query": [
												{
													"key": "",
													"value": null,
													"disabled": true
												}
											]
										}
									},
									"response": []
								},
								{
									"name": "10.3.Submit form which locale form exists(locale = nl-BE)",
									"request": {
										"method": "POST",
										"header": [],
										"body": {
											"mode": "formdata",
											"formdata": [
												{
													"key": "formKey",
													"value": "7dab6a7fe08a427caf8d67acfcddcfb9",
													"type": "text"
												},
												{
													"key": "locale",
													"value": "nl-BE",
													"type": "text"
												},
												{
													"key": "isFinalized",
													"value": "true",
													"type": "text",
													"disabled": true
												},
												{
													"key": "hostedPageUrl",
													"value": "",
													"type": "text",
													"disabled": true
												},
												{
													"key": "partialSubmissionKey",
													"value": "",
													"type": "text",
													"disabled": true
												},
												{
													"key": "__field_f48fad679fa34039b61b0f7d2faad6db",
													"value": "hello",
													"type": "text"
												}
											]
										},
										"url": {
											"raw": "{{url}}{{formEndpoint}}",
											"host": [
												"{{url}}{{formEndpoint}}"
											],
											"query": [
												{
													"key": "",
													"value": null,
													"disabled": true
												}
											]
										}
									},
									"response": []
								},
								{
									"name": "11.1. Submit form without locale(empty)",
									"request": {
										"method": "POST",
										"header": [],
										"body": {
											"mode": "formdata",
											"formdata": [
												{
													"key": "formKey",
													"value": "7dab6a7fe08a427caf8d67acfcddcfb9",
													"type": "text"
												},
												{
													"key": "locale",
													"value": "",
													"type": "text"
												},
												{
													"key": "isFinalized",
													"value": "true",
													"type": "text",
													"disabled": true
												},
												{
													"key": "hostedPageUrl",
													"value": "",
													"type": "text",
													"disabled": true
												},
												{
													"key": "partialSubmissionKey",
													"value": "",
													"type": "text",
													"disabled": true
												},
												{
													"key": "__field_f48fad679fa34039b61b0f7d2faad6db",
													"value": "hello Mie",
													"type": "text"
												}
											]
										},
										"url": {
											"raw": "{{url}}{{formEndpoint}}",
											"host": [
												"{{url}}{{formEndpoint}}"
											],
											"query": [
												{
													"key": "",
													"value": null,
													"disabled": true
												}
											]
										}
									},
									"response": []
								},
								{
									"name": "11.2. Submit form without locale(no key field)",
									"request": {
										"method": "POST",
										"header": [],
										"body": {
											"mode": "formdata",
											"formdata": [
												{
													"key": "formKey",
													"value": "7dab6a7fe08a427caf8d67acfcddcfb9",
													"type": "text"
												},
												{
													"key": "isFinalized",
													"value": "true",
													"type": "text",
													"disabled": true
												},
												{
													"key": "hostedPageUrl",
													"value": "",
													"type": "text",
													"disabled": true
												},
												{
													"key": "partialSubmissionKey",
													"value": "",
													"type": "text",
													"disabled": true
												},
												{
													"key": "__field_f48fad679fa34039b61b0f7d2faad6db",
													"value": "hello",
													"type": "text"
												}
											]
										},
										"url": {
											"raw": "{{url}}{{formEndpoint}}",
											"host": [
												"{{url}}{{formEndpoint}}"
											],
											"query": [
												{
													"key": "",
													"value": null,
													"disabled": true
												}
											]
										}
									},
									"response": []
								},
								{
									"name": "12. Invalid - Submit a form which Master language is 'en' and locale does not exist",
									"request": {
										"method": "POST",
										"header": [],
										"body": {
											"mode": "formdata",
											"formdata": [
												{
													"key": "formKey",
													"value": "7dab6a7fe08a427caf8d67acfcddcfb9",
													"type": "text"
												},
												{
													"key": "locale",
													"value": "pt-BR",
													"type": "text"
												},
												{
													"key": "isFinalized",
													"value": "true",
													"type": "text",
													"disabled": true
												},
												{
													"key": "hostedPageUrl",
													"value": "",
													"type": "text",
													"disabled": true
												},
												{
													"key": "partialSubmissionKey",
													"value": "",
													"type": "text",
													"disabled": true
												},
												{
													"key": "__field_f48fad679fa34039b61b0f7d2faad6db",
													"value": "hello",
													"type": "text"
												}
											]
										},
										"url": {
											"raw": "{{url}}{{formEndpoint}}",
											"host": [
												"{{url}}{{formEndpoint}}"
											],
											"query": [
												{
													"key": "",
													"value": null,
													"disabled": true
												}
											]
										}
									},
									"response": []
								}
							]
						},
						{
							"name": "Master is 'sv'",
							"item": [
								{
									"name": "Get a form which have language sv(Master), en",
									"protocolProfileBehavior": {
										"disableBodyPruning": true
									},
									"request": {
										"method": "GET",
										"header": [],
										"body": {
											"mode": "formdata",
											"formdata": []
										},
										"url": {
											"raw": "{{url}}{{formEndpoint}}/6D2B1B4E4951420A980412CA8BD84F69",
											"host": [
												"{{url}}{{formEndpoint}}"
											],
											"path": [
												"6D2B1B4E4951420A980412CA8BD84F69"
											]
										}
									},
									"response": []
								},
								{
									"name": "13.1. Submit form which locale form exists(sv) which Master language is different from 'en'",
									"event": [
										{
											"listen": "prerequest",
											"script": {
												"exec": [
													"// var index = pm.collectionVariables.get(\"formElementIndex\");\r",
													"// if (index == undefined) {\r",
													"//     index = 1;\r",
													"//     pm.collectionVariables.set(\"formElementIndex\", index);\r",
													"// }\r",
													"\r",
													"// var collection = pm.collectionVariables.get(\"formElementKeys\");\r",
													"// pm.collectionVariables.set(\"tempElementKey\", collection[index]);\r",
													"\r",
													"    var body = {\r",
													"            'mode': 'formdata',\r",
													"            'formdata': [\r",
													"                // {'key':'__field_{{tempElementKey}}', 'value':'bar'},\r",
													"                // {'key':'bar', 'value':'foo'}\r",
													"            ]\r",
													"    }\r",
													"\r",
													"    var collection = pm.collectionVariables.get(\"formElementKeys\");\r",
													"    for (var i = 0; i < collection.length; i++) {\r",
													"        body.formdata.push({'key':'__field_' + collection[i], 'value':''})\r",
													"    }\r",
													"\r",
													"    pm.environment.set(\"body\", body);"
												],
												"type": "text/javascript"
											}
										}
									],
									"request": {
										"method": "POST",
										"header": [],
										"body": {
											"mode": "raw",
											"raw": "{{body}}"
										},
										"url": {
											"raw": "{{url}}{{formEndpoint}}",
											"host": [
												"{{url}}{{formEndpoint}}"
											],
											"query": [
												{
													"key": "",
													"value": null,
													"disabled": true
												}
											]
										}
									},
									"response": []
								},
								{
									"name": "13.2. Submit form which locale form exists(en) which Master language is different from 'en'",
									"request": {
										"method": "POST",
										"header": [],
										"body": {
											"mode": "formdata",
											"formdata": [
												{
													"key": "formKey",
													"value": "6d2b1b4e4951420a980412ca8bd84f69",
													"type": "text"
												},
												{
													"key": "locale",
													"value": "en",
													"type": "text"
												},
												{
													"key": "isFinalized",
													"value": "true",
													"type": "text",
													"disabled": true
												},
												{
													"key": "hostedPageUrl",
													"value": "",
													"type": "text",
													"disabled": true
												},
												{
													"key": "partialSubmissionKey",
													"value": "",
													"type": "text",
													"disabled": true
												},
												{
													"key": "__field_e7c0007175ee4fabbeccdb18018cbf39",
													"value": "hello summer",
													"type": "text"
												}
											]
										},
										"url": {
											"raw": "{{url}}{{formEndpoint}}",
											"host": [
												"{{url}}{{formEndpoint}}"
											],
											"query": [
												{
													"key": "",
													"value": null,
													"disabled": true
												}
											]
										}
									},
									"response": []
								},
								{
									"name": "14.1. Submit form without locale(empty)",
									"request": {
										"method": "POST",
										"header": [],
										"body": {
											"mode": "formdata",
											"formdata": [
												{
													"key": "formKey",
													"value": "6d2b1b4e4951420a980412ca8bd84f69",
													"type": "text"
												},
												{
													"key": "locale",
													"value": "",
													"type": "text"
												},
												{
													"key": "isFinalized",
													"value": "true",
													"type": "text",
													"disabled": true
												},
												{
													"key": "hostedPageUrl",
													"value": "",
													"type": "text",
													"disabled": true
												},
												{
													"key": "partialSubmissionKey",
													"value": "",
													"type": "text",
													"disabled": true
												},
												{
													"key": "__field_e7c0007175ee4fabbeccdb18018cbf39",
													"value": "hello Kitty",
													"type": "text"
												}
											]
										},
										"url": {
											"raw": "{{url}}{{formEndpoint}}",
											"host": [
												"{{url}}{{formEndpoint}}"
											],
											"query": [
												{
													"key": "",
													"value": null,
													"disabled": true
												}
											]
										}
									},
									"response": []
								},
								{
									"name": "14.2 Submit form without locale(no field key)",
									"request": {
										"method": "POST",
										"header": [],
										"body": {
											"mode": "formdata",
											"formdata": [
												{
													"key": "formKey",
													"value": "6d2b1b4e4951420a980412ca8bd84f69",
													"type": "text"
												},
												{
													"key": "isFinalized",
													"value": "true",
													"type": "text",
													"disabled": true
												},
												{
													"key": "hostedPageUrl",
													"value": "",
													"type": "text",
													"disabled": true
												},
												{
													"key": "partialSubmissionKey",
													"value": "",
													"type": "text",
													"disabled": true
												},
												{
													"key": "__field_e7c0007175ee4fabbeccdb18018cbf39",
													"value": "hello1",
													"type": "text"
												}
											]
										},
										"url": {
											"raw": "{{url}}{{formEndpoint}}",
											"host": [
												"{{url}}{{formEndpoint}}"
											],
											"query": [
												{
													"key": "",
													"value": null,
													"disabled": true
												}
											]
										}
									},
									"response": []
								},
								{
									"name": "15. Invalid - Submit a form which Master language is difference from 'en' and locale does not exist",
									"request": {
										"method": "POST",
										"header": [],
										"body": {
											"mode": "formdata",
											"formdata": [
												{
													"key": "formKey",
													"value": "6d2b1b4e4951420a980412ca8bd84f69",
													"type": "text"
												},
												{
													"key": "locale",
													"value": "pt-BR",
													"type": "text"
												},
												{
													"key": "isFinalized",
													"value": "true",
													"type": "text",
													"disabled": true
												},
												{
													"key": "hostedPageUrl",
													"value": "",
													"type": "text",
													"disabled": true
												},
												{
													"key": "partialSubmissionKey",
													"value": "",
													"type": "text",
													"disabled": true
												},
												{
													"key": "__field_e7c0007175ee4fabbeccdb18018cbf39",
													"value": "hello",
													"type": "text"
												}
											]
										},
										"url": {
											"raw": "{{url}}{{formEndpoint}}",
											"host": [
												"{{url}}{{formEndpoint}}"
											],
											"query": [
												{
													"key": "",
													"value": null,
													"disabled": true
												}
											]
										}
									},
									"response": []
								}
							]
						}
					]
				},
				{
					"name": "IsFinalized",
					"item": [
						{
							"name": "Single form",
							"item": [
								{
									"name": "Get a single form",
									"event": [
										{
											"listen": "test",
											"script": {
												"exec": [
													"var responseBody =pm.response.json();\r",
													"pm.collectionVariables.set(\"formKey\", responseBody.key);\r",
													"\r",
													"\r",
													"console.log(responseBody.formElements.length);\r",
													"\r",
													"var formElementKeyList = [];\r",
													"for(var i = 0; i < responseBody.formElements.length; i++) {\r",
													"    console.log(i, responseBody.formElements[i].key);\r",
													"    formElementKeyList.push(responseBody.formElements[i].key);\r",
													"}\r",
													"pm.collectionVariables.set(\"formElementKeys\", formElementKeyList);\r",
													"\r",
													""
												],
												"type": "text/javascript"
											}
										}
									],
									"protocolProfileBehavior": {
										"disableBodyPruning": true
									},
									"request": {
										"method": "GET",
										"header": [],
										"body": {
											"mode": "formdata",
											"formdata": []
										},
										"url": {
											"raw": "{{url}}{{formEndpoint}}/A9DB70B23FCF493D994A56AFC8D504E3",
											"host": [
												"{{url}}{{formEndpoint}}"
											],
											"path": [
												"A9DB70B23FCF493D994A56AFC8D504E3"
											],
											"query": [
												{
													"key": "",
													"value": null,
													"disabled": true
												}
											]
										}
									},
									"response": []
								},
								{
									"name": "13.1. Submit form which locale form exists(sv) which Master language is different from 'en' Copy",
									"event": [
										{
											"listen": "prerequest",
											"script": {
												"exec": [
													"// var index = pm.collectionVariables.get(\"formElementIndex\");\r",
													"// if (index == undefined) {\r",
													"//     index = 1;\r",
													"//     pm.collectionVariables.set(\"formElementIndex\", index);\r",
													"// }\r",
													"\r",
													"// var collection = pm.collectionVariables.get(\"formElementKeys\");\r",
													"// pm.collectionVariables.set(\"tempElementKey\", collection[index]);\r",
													"\r",
													"    var body = {\r",
													"            'mode': 'form-data',\r",
													"            'formdata': [\r",
													"                //  {'key':'formKey', 'value':'a9db70b23fcf493d994a56afc8d504e3', 'type' : 'text'} \r",
													"                 {\"key\" : \"formKey\" , \"value\" : \"a9db70b23fcf493d994a56afc8d504e3\", \"type\" : \"Text\"}           \r",
													"                // {'key':'__field_{{tempElementKey}}', 'value':'bar'},\r",
													"                // {'key':'bar', 'value':'foo'}\r",
													"            ]\r",
													"    }\r",
													"\r",
													"//     formKey: \"6d2b1b4e4951420a980412ca8bd84f69\"\r",
													"// locale: \"en\"\r",
													"// __field_e7c0007175ee4fabbeccdb18018cbf39: \"hello summer\"\r",
													"\r",
													"    // var collection = pm.collectionVariables.get(\"formElementKeys\");\r",
													"    // for (var i = 0; i < collection.length; i++) {\r",
													"    //     body.formdata.push({'key':'__field_' + collection[i], 'value':''})\r",
													"    // }\r",
													"\r",
													"    pm.environment.set(\"body\", body);"
												],
												"type": "text/javascript"
											}
										}
									],
									"protocolProfileBehavior": {
										"disabledSystemHeaders": {}
									},
									"request": {
										"method": "POST",
										"header": [
											{
												"key": "Content-Type",
												"value": "multipart/form-data; boundary=<calculated when request is sent>",
												"type": "text",
												"disabled": true
											}
										],
										"body": {
											"mode": "raw",
											"raw": "{{body}}"
										},
										"url": {
											"raw": "{{url}}{{formEndpoint}}",
											"host": [
												"{{url}}{{formEndpoint}}"
											],
											"query": [
												{
													"key": "",
													"value": null,
													"disabled": true
												}
											]
										}
									},
									"response": []
								}
							]
						}
					]
				},
				{
					"name": "GetJwtToken",
					"event": [
						{
							"listen": "test",
							"script": {
								"exec": [
									"pm.collectionVariables.set(\"JwtToken\", pm.response.json().access_token);"
								],
								"type": "text/javascript"
							}
						},
						{
							"listen": "prerequest",
							"script": {
								"exec": [
									""
								],
								"type": "text/javascript"
							}
						}
					],
					"protocolProfileBehavior": {
						"disabledSystemHeaders": {}
					},
					"request": {
						"method": "POST",
						"header": [],
						"body": {
							"mode": "urlencoded",
							"urlencoded": [
								{
									"key": "client_id",
									"value": "TestClient",
									"type": "text"
								},
								{
									"key": "grant_type",
									"value": "password",
									"type": "text"
								},
								{
									"key": "username",
									"value": "admin",
									"type": "text"
								},
								{
									"key": "password",
									"value": "devLab08@",
									"type": "text"
								}
							]
						},
						"url": {
							"raw": "http://localhost:8000/api/episerver/connect/token",
							"protocol": "http",
							"host": [
								"localhost"
							],
							"port": "8000",
							"path": [
								"api",
								"episerver",
								"connect",
								"token"
							]
						}
					},
					"response": []
				}
			],
			"auth": {
				"type": "bearer",
				"bearer": [
					{
						"key": "token",
						"value": "{{JwtToken}}",
						"type": "string"
					}
				]
			},
			"event": [
				{
					"listen": "prerequest",
					"script": {
						"type": "text/javascript",
						"exec": [
							""
						]
					}
				},
				{
					"listen": "test",
					"script": {
						"type": "text/javascript",
						"exec": [
							""
						]
					}
				}
			]
		}
	],
	"event": [
		{
			"listen": "prerequest",
			"script": {
				"type": "text/javascript",
				"exec": [
					""
				]
			}
		},
		{
			"listen": "test",
			"script": {
				"type": "text/javascript",
				"exec": [
					""
				]
			}
		}
	],
	"variable": [
		{
			"key": "url",
			"value": "http://localhost:8000",
			"type": "string"
		},
		{
			"key": "formEndpoint",
			"value": "/_form/v1/form",
			"type": "string"
		},
		{
			"key": "formKey",
			"value": "AFAA052430E5484BAC174960C9532BB5",
			"type": "string"
		},
		{
			"key": "JwtToken",
			"value": ""
		},
		{
			"key": "formKeys",
			"value": ""
		},
		{
			"key": "formElementKeys",
			"value": ""
		}
	]
}